# wrong	correct	confidence(high|medium|low)	explanation (Khmer)
# Project-curated list of frequent misspellings. The "correct" column must be a Chuon Nath
# headword or a curated term; scripts/build-lexicon.mjs refuses to build otherwise.
អោយ	ឱ្យ	high	«អោយ» មិនមែនជាអក្ខរាវិរុទ្ធស្តង់ដារទេ។ វចនានុក្រម ជួន ណាត សរសេរ «ឲ្យ» ហើយឯកសាររដ្ឋបច្ចុប្បន្នច្រើនសរសេរ «ឱ្យ»។
ពត៌មាន	ព័ត៌មាន	high	ពាក្យនេះត្រូវមាន «ព» ដាក់សញ្ញាសំយោគសញ្ញា (័) គឺ «ព័ត៌មាន»។
អនុញ្ញាតិ	អនុញ្ញាត	high	ពាក្យ «អនុញ្ញាត» មិនមានស្រៈ «ិ» នៅខាងចុងទេ។
បច្ចប្បន្ន	បច្ចុប្បន្ន	high	ខ្វះស្រៈ «ុ»៖ សរសេរ «បច្ចុប្បន្ន»។
សុវត្តិភាព	សុវត្ថិភាព	high	ពាក្យនេះប្រើជើង «ថ» (ត្ថ) មិនមែនជើង «ត» (ត្ត) ទេ។
ប្រសិទ្ឋភាព	ប្រសិទ្ធភាព	high	ពាក្យនេះប្រើជើង «ធ» (ទ្ធ)។
សួរស្តី	សួស្ដី	high	ពាក្យស្វាគមន៍សរសេរ «សួស្ដី» (គ្មាន «រ»)។ «សួរ» មានន័យថា សាកសួរ។
សួរស្ដី	សួស្ដី	high	ពាក្យស្វាគមន៍សរសេរ «សួស្ដី» (គ្មាន «រ»)។ «សួរ» មានន័យថា សាកសួរ។
ឧទាហរណ៏	ឧទាហរណ៍	high	ចុងពាក្យប្រើ «៍» (ទណ្ឌឃាត) មិនមែន «៏» (អស្តា) ទេ។
ប្រយោជន៏	ប្រយោជន៍	high	ចុងពាក្យប្រើ «៍» (ទណ្ឌឃាត) មិនមែន «៏» (អស្តា) ទេ។
វប្បធម៏	វប្បធម៌	high	ចុងពាក្យប្រើ «៌» (រេផៈ) គឺ «វប្បធម៌»។
ការណ៏	ការណ៍	high	ចុងពាក្យប្រើ «៍» (ទណ្ឌឃាត)។
ឥលូវ	ឥឡូវ	high	ពាក្យនេះសរសេរដោយ «ឡ» គឺ «ឥឡូវ»។
ឥលូវនេះ	ឥឡូវនេះ	high	ពាក្យនេះសរសេរដោយ «ឡ» គឺ «ឥឡូវនេះ»។
ទូរសព្ទ	ទូរស័ព្ទ	medium	ពាក្យនេះសរសេរ «ទូរស័ព្ទ» (ស ដាក់សំយោគសញ្ញា ័)។
ឧស្សាហ៍កម្ម	ឧស្សាហកម្ម	medium	ពាក្យសមាសនេះសរសេរ «ឧស្សាហកម្ម» គ្មាន «៍» នៅកណ្ដាលទេ។
ធម្មជាត	ធម្មជាតិ	medium	ពាក្យនេះបញ្ចប់ដោយ «តិ» គឺ «ធម្មជាតិ»។
ការិយាល៏យ	ការិយាល័យ	high	ពាក្យនេះប្រើ «័» (សំយោគសញ្ញា) គឺ «ការិយាល័យ»។
បណ្ណាល៏យ	បណ្ណាល័យ	high	ពាក្យនេះប្រើ «័» (សំយោគសញ្ញា) គឺ «បណ្ណាល័យ»។
ខ្ងុំ	ខ្ញុំ	high	សព្វនាម «ខ្ញុំ» សរសេរដោយជើង «ញ» (្ញ) មិនមែនជើង «ង» ទេ។
មិត្តភក្កិ	មិត្តភក្តិ	high	ពាក្យនេះសរសេរ «មិត្តភក្តិ» ដោយជើង «ត» (ក្តិ) មិនមែនជើង «ក» (ក្កិ) ទេ។
បន្ទាបមក	បន្ទាប់មក	high	«បន្ទាប់មក» (ន័យ៖ ក្រោយមក) ត្រូវមាន «់» (បន្តក់)។ «បន្ទាប» មានន័យថា ទាប ឬធ្វើឱ្យទាប។
ញុំា	ញ៉ាំ	high	ពាក្យ «ញ៉ាំ» សរសេរ ញ + ៉ + ា + ំ។ ទម្រង់ «ញុំា» ជាការវាយខុសលំដាប់។
ញុាំ	ញ៉ាំ	high	ពាក្យ «ញ៉ាំ» សរសេរ ញ + ៉ + ា + ំ។
