# word	type	POS
# Proper names: the capital, 24 provinces of Cambodia (and common short forms), major
# cities and national institutions. Project-curated.
កម្ពុជា	country	N
ព្រះរាជាណាចក្រកម្ពុជា	country	N
ភ្នំពេញ	capital	N
រាជធានីភ្នំពេញ	capital	N
បន្ទាយមានជ័យ	province	N
បាត់ដំបង	province	N
កំពង់ចាម	province	N
កំពង់ឆ្នាំង	province	N
កំពង់ស្ពឺ	province	N
កំពង់ធំ	province	N
កំពត	province	N
កណ្ដាល	province	N
កោះកុង	province	N
ក្រចេះ	province	N
មណ្ឌលគិរី	province	N
ព្រះវិហារ	province	N
ព្រៃវែង	province	N
ពោធិ៍សាត់	province	N
រតនគិរី	province	N
សៀមរាប	province	N
ព្រះសីហនុ	province	N
ស្ទឹងត្រែង	province	N
ស្វាយរៀង	province	N
តាកែវ	province	N
ឧត្ដរមានជ័យ	province	N
ឧត្តរមានជ័យ	province	N
កែប	province	N
ប៉ៃលិន	province	N
ត្បូងឃ្មុំ	province	N
ទន្លេសាប	place	N
ទន្លេមេគង្គ	place	N
មេគង្គ	place	N
អង្គរវត្ត	place	N
អង្គរ	place	N
អាស៊ាន	organisation	N
អង្គការសហប្រជាជាតិ	organisation	N
ថៃ	country	N
វៀតណាម	country	N
ឡាវ	country	N
ចិន	country	N
ជប៉ុន	country	N
កូរ៉េ	country	N
បារាំង	country	N
អាមេរិក	country	N
សហរដ្ឋអាមេរិក	country	N
