# wrong	correct	confidence	explanation (Khmer)
# ការ precedes verbs of action; សេចក្ដី precedes verbs and adjectives of feeling or state.
# Only clear-cut pairs are listed: both forms exist for many verbs (e.g. ការណែនាំ / សេចក្ដីណែនាំ).
សេចក្ដីសិក្សា	ការសិក្សា	medium	«សិក្សា» ជាកិរិយាសព្ទសកម្មភាព ដូច្នេះប្រើ «ការ» ដើម្បីធ្វើជានាម៖ «ការសិក្សា»។
សេចក្តីសិក្សា	ការសិក្សា	medium	«សិក្សា» ជាកិរិយាសព្ទសកម្មភាព ដូច្នេះប្រើ «ការ» ដើម្បីធ្វើជានាម៖ «ការសិក្សា»។
សេចក្ដីងារ	ការងារ	high	នាមដែលត្រឹមត្រូវគឺ «ការងារ»។
សេចក្ដីប្រើប្រាស់	ការប្រើប្រាស់	medium	«ប្រើប្រាស់» ជាកិរិយាសព្ទសកម្មភាព ដូច្នេះប្រើ «ការប្រើប្រាស់»។
សេចក្ដីសរសេរ	ការសរសេរ	medium	«សរសេរ» ជាកិរិយាសព្ទសកម្មភាព ដូច្នេះប្រើ «ការសរសេរ»។
សេចក្ដីអាន	ការអាន	medium	«អាន» ជាកិរិយាសព្ទសកម្មភាព ដូច្នេះប្រើ «ការអាន»។
សេចក្ដីលក់	ការលក់	medium	«លក់» ជាកិរិយាសព្ទសកម្មភាព ដូច្នេះប្រើ «ការលក់»។
ការសុខ	សេចក្ដីសុខ	medium	«សុខ» ជាពាក្យបង្ហាញសភាព ដូច្នេះប្រើ «សេចក្ដី»៖ «សេចក្ដីសុខ»។
ការទុក្ខ	សេចក្ដីទុក្ខ	medium	«ទុក្ខ» ជាពាក្យបង្ហាញសភាព ដូច្នេះប្រើ «សេចក្ដី»៖ «សេចក្ដីទុក្ខ»។
ការអំណរ	សេចក្ដីអំណរ	medium	«អំណរ» ជាពាក្យបង្ហាញអារម្មណ៍ ដូច្នេះប្រើ «សេចក្ដីអំណរ»។
ការក្រោធ	សេចក្ដីក្រោធ	low	«ក្រោធ» ជាពាក្យបង្ហាញអារម្មណ៍ ដូច្នេះច្រើនប្រើ «សេចក្ដីក្រោធ»។
