# informal	formal suggestion(s, | separated)	modes where flagged	explanation (Khmer)	also inside compounds (yes/no)
# Project-curated register guidance. These are style choices, never spelling errors.
អត់	មិន	academic,government,administrative,legal	«អត់» ជាភាសានិយាយ។ ក្នុងសំណេរផ្លូវការ ការបដិសេធកិរិយាសព្ទប្រើ «មិន» ឬ «ពុំ»។	no
អត់មាន	គ្មាន|មិនមាន	academic,government,administrative,legal	«អត់មាន» ជាភាសានិយាយ។ សំណេរផ្លូវការប្រើ «គ្មាន» ឬ «មិនមាន»។	no
ម៉េច	យ៉ាងដូចម្ដេច|ហេតុអ្វី	general,academic,government,administrative,legal	«ម៉េច» ជាភាសានិយាយ។ សំណេរប្រើ «យ៉ាងដូចម្ដេច» ឬ «ហេតុអ្វី» តាមន័យ។	no
ចឹង	ដូច្នេះ|បែបនេះ	general,academic,government,administrative,legal	«ចឹង» ជាភាសានិយាយ។ សំណេរប្រើ «ដូច្នេះ» ឬ «បែបនេះ»។	no
អី	អ្វី	general,academic,government,administrative,legal	«អី» ជាទម្រង់និយាយកាត់នៃ «អ្វី»។	no
ហ្នឹង	នេះ|នោះ	academic,government,administrative,legal	«ហ្នឹង» ជាភាសានិយាយ។ សំណេរប្រើ «នេះ» ឬ «នោះ»។	no
ប៉ុណ្ណឹង	ប៉ុណ្ណោះ	academic,government,administrative,legal	«ប៉ុណ្ណឹង» ជាភាសានិយាយ។ សំណេរផ្លូវការប្រើ «ប៉ុណ្ណោះ»។	no
អញ	ខ្ញុំ	academic,government,administrative,legal	សព្វនាម «អញ» មានលក្ខណៈមិនគួរសម។ សំណេរទូទៅប្រើ «ខ្ញុំ»។	no
ឯង	អ្នក	academic,government,administrative,legal	សព្វនាម «ឯង» មានលក្ខណៈស្និទ្ធស្នាល ឬមិនគួរសម។ សំណេរប្រើ «អ្នក»។	no
ស៊ី	បរិភោគ|ញ៉ាំ	academic,government,administrative,legal	«ស៊ី» ប្រើចំពោះសត្វ ឬជាពាក្យគ្រោតគ្រាត ពេលនិយាយពីមនុស្ស។ ប្រើ «បរិភោគ» ឬ «ញ៉ាំ»។	no
លុយ	ប្រាក់|ថវិកា	academic,government,administrative,legal	«លុយ» ជាភាសានិយាយ។ ឯកសារផ្លូវការប្រើ «ប្រាក់» ឬ «ថវិកា»។	yes
ឡាន	រថយន្ត	academic,government,administrative,legal	«ឡាន» ជាភាសានិយាយ (ពីភាសាបារាំង)។ ឯកសារផ្លូវការប្រើ «រថយន្ត»។	yes
ណាស់ណា	ណាស់	academic,government,administrative,legal	«ណាស់ណា» ជាភាសានិយាយ។	no
